SALE TYPE,SOLD DATE,PROPERTY TYPE,ADDRESS,CITY,STATE OR PROVINCE,ZIP OR POSTAL CODE,PRICE,BEDS,BATHS,LOCATION,SQUARE FEET,LOT SIZE,YEAR BUILT,DAYS ON MARKET,$/SQUARE FEET,HOA/MONTH,STATUS,NEXT OPEN HOUSE START TIME,NEXT OPEN HOUSE END TIME,URL (SEE https://www.redfin.com/buy-a-home/comparative-market-analysis FOR INFO ON PRICING),SOURCE,MLS#,FAVORITE,INTERESTED,LATITUDE,LONGITUDE
MLS Listing,,Single Family Residential,1708 Overlook Dr,Silver Spring,MD,20903,530000,3,3.0,HILLANDALE,2418,17159,1958,3,219,,Active,,,https://www.redfin.com/MD/Silver-Spring/1708-Overlook-Dr-20903/home/10559472,BRIGHT MLS,MDMC2024102,N,Y,39.0261074,-76.97693
MLS Listing,,Single Family Residential,12 Baughman Ct,Silver Spring,MD,20906,925000,6,5.0,GAYFIELDS,5779,37487,1979,4,160,,Active,,,https://www.redfin.com/MD/Silver-Spring/12-Baughman-Ct-20906/home/11071471,BRIGHT MLS,MDMC2025222,N,Y,39.1043252,-77.0434205
MLS Listing,,Townhouse,13115 Brahms Ter,Silver Spring,MD,20904,410000,4,3.5,TANGLEWOOD,1820,1500,1984,4,225,122,Active,,,https://www.redfin.com/MD/Silver-Spring/13115-Brahms-Ter-20904/home/10583976,BRIGHT MLS,MDMC2025394,N,Y,39.072148,-76.9526939
MLS Listing,,Townhouse,142 Finale Ter,Silver Spring,MD,20901,445000,3,3.0,DUMONT OAKS,2016,1900,1984,5,221,73,Active,,,https://www.redfin.com/MD/Silver-Spring/142-Finale-Ter-20901/home/10589971,BRIGHT MLS,MDMC2025234,N,Y,39.04293,-77.005955
MLS Listing,,Single Family Residential,4106 Weller Rd,Silver Spring,MD,20906,549900,6,3.0,STONEYBROOK ESTATES,2411,6714,1960,5,228,,Active,,,https://www.redfin.com/MD/Silver-Spring/4106-Weller-Rd-20906/home/11053604,BRIGHT MLS,MDMC2026042,N,Y,39.0617878,-77.0817861
MLS Listing,,Townhouse,2020 Flowering Tree Ter,Silver Spring,MD,20902,349900,2,1.5,FOREST ESTATES,966,,1984,5,362,97,Active,,,https://www.redfin.com/MD/Silver-Spring/2020-Flowering-Tree-Ter-20902/home/11113302,BRIGHT MLS,MDMC2022812,N,Y,39.02357,-77.04208
MLS Listing,,Single Family Residential,4508 Bennion Rd,Silver Spring,MD,20906,449900,3,1.5,VEIRS MILL VILLAGE,972,6133,1946,11,463,,Active,December-13-2021 08:00 AM,December-13-2021 08:00 PM,https://www.redfin.com/MD/Silver-Spring/4508-Bennion-Rd-20906/home/11003310,BRIGHT MLS,MDMC2023532,N,Y,39.052753,-77.0861925
MLS Listing,,Single Family Residential,7700 Chicago Ave,Silver Spring,MD,20910,599999,5,2.0,BLAIR,1582,5688,1954,31,379,,Active,,,https://www.redfin.com/MD/Silver-Spring/7700-Chicago-Ave-20910/home/10953540,BRIGHT MLS,MDMC2022810,N,Y,38.9857616,-77.0223743
MLS Listing,,Condo/Co-op,3910 Doc Berlin Dr #14,Silver Spring,MD,20906,324900,2,2.0,NORBECK CROSSING,1040,,2016,34,312,390,Active,,,https://www.redfin.com/MD/Silver-Spring/3910-Doc-Berlin-Dr-20906/unit-14/home/104458775,BRIGHT MLS,MDMC2021850,N,Y,39.1133417,-77.07349
MLS Listing,,Townhouse,8900 16th St,Silver Spring,MD,20910,439500,3,2.5,WOODSIDE VILLAGE,1266,,1965,57,347,594,Active,,,https://www.redfin.com/MD/Silver-Spring/8900-16th-St-20910/unit-8900/home/10979720,BRIGHT MLS,MDMC2001141,N,Y,39.0022019,-77.0404833
MLS Listing,,Single Family Residential,415 E Melbourne Ave,Silver Spring,MD,20901,514000,4,2.0,LONG BRANCH VILLAGE,1426,5810,1943,73,360,,Active,,,https://www.redfin.com/MD/Silver-Spring/415-E-Melbourne-Ave-20901/home/11027518,BRIGHT MLS,MDMC2018408,N,Y,39.0094022,-77.0002054
MLS Listing,,Single Family Residential,1827 Fairland Rd,Silver Spring,MD,20904,495000,4,2.0,COLESVILLE OUTSIDE,1925,25538,1951,110,257,,Active,,,https://www.redfin.com/MD/Silver-Spring/1827-Fairland-Rd-20904/home/166452254,BRIGHT MLS,MDMC2009372,N,Y,39.0754782,-76.9727897
MLS Listing,,Condo/Co-op,1220 Blair Mill Rd #507,Silver Spring,MD,20910,239900,1,1.0,MICA CODM @ SILVER SPRIN,860,,2006,157,279,699,Active,,,https://www.redfin.com/MD/Silver-Spring/1220-Blair-Mill-Rd-20910/unit-507/home/11760720,BRIGHT MLS,MDMC2003280,N,Y,38.9894781,-77.0302241
Redfin Data,,Single Family Residential,12916 Bluet Ln,Silver Spring,MD,20906,600000,4,2.5,Silver Spring,3073,10484,1965,1,195,,Pre On-Market,,,https://www.redfin.com/MD/Silver-Spring/12916-Bluet-Ln-20906/home/11074470,Coming Soon,79222,N,Y,39.06869,-77.0434709
MLS Listing,,Townhouse,14956 Habersham Cir,Silver Spring,MD,20906,399000,3,2.5,LONGMEAD,1432,1800,1987,1,279,68,Active,,,https://www.redfin.com/MD/Silver-Spring/14956-Habersham-Cir-20906/home/11129249,BRIGHT MLS,MDMC2027166,N,Y,39.10067,-77.050029
MLS Listing,,Condo/Co-op,3301 Hewitt Ave #501,Silver Spring,MD,20906,129900,3,2.0,HERITAGE WOODS,981,,1973,1,132,585,Active,,,https://www.redfin.com/MD/Silver-Spring/3301-Hewitt-Ave-20906/unit-501/home/11092324,BRIGHT MLS,MDMC2027114,N,Y,39.0799922,-77.0672134
MLS Listing,,Single Family Residential,2205 Luzerne Ave,Silver Spring,MD,20910,419000,4,2.0,NORTH WOODSIDE,1200,5890,1950,2,349,,Active,,,https://www.redfin.com/MD/Silver-Spring/2205-Luzerne-Ave-20910/home/11075328,BRIGHT MLS,MDMC2026588,N,Y,39.0049148,-77.0482834
MLS Listing,,Townhouse,14328 Astrodome Dr #62,Silver Spring,MD,20906,280000,2,2.0,AUTUMN WALK,940,,1972,2,298,260,Active,,,https://www.redfin.com/MD/Aspen-Hill/14328-Astrodome-Dr-20906/unit-62/home/11090805,BRIGHT MLS,MDMC2027066,N,Y,39.0907029,-77.0508123
MLS Listing,,Single Family Residential,1103 Kathryn Rd,Silver Spring,MD,20904,579900,4,3.0,SPRINGBROOK MANOR,3218,11250,1958,2,180,,Active,,,https://www.redfin.com/MD/Silver-Spring/1103-Kathryn-Rd-20904/home/10570233,BRIGHT MLS,MDMC2026784,N,Y,39.0492986,-76.9890351
MLS Listing,,Condo/Co-op,3100 N Leisure World Blvd #817,Silver Spring,MD,20906,255000,2,2.0,OVERLOOK AT LEISURE WORL,1090,,2004,2,234,636,Active,,,https://www.redfin.com/MD/Silver-Spring/3100-N-Leisure-World-Blvd-20906/unit-817/home/11205914,BRIGHT MLS,MDMC2025536,N,Y,39.1056336,-77.0640465
MLS Listing,,Condo/Co-op,3200 N Leisure World Blvd #705,Silver Spring,MD,20906,399000,3,2.0,VANTAGE POINT EAST @ LEI,1540,,2002,3,259,826,Active,,,https://www.redfin.com/MD/Silver-Spring/3200-N-Leisure-World-Blvd-20906/unit-705/home/11193741,BRIGHT MLS,MDMC2025168,N,Y,39.1073823,-77.0660253
MLS Listing,,Single Family Residential,708 Forston St,Takoma Park,MD,20912,529900,4,2.5,ROLLING TERRACE,1696,7259,1949,3,312,,Active,,,https://www.redfin.com/MD/Takoma-Park/708-Forston-St-20912/home/11000845,BRIGHT MLS,MDMC2025580,N,Y,38.9937183,-76.9966142
MLS Listing,,Single Family Residential,13915 Overton Ln,Silver Spring,MD,20904,659000,5,3.0,DRUMELDRA HILLS,3036,20977,1969,3,217,,Active,,,https://www.redfin.com/MD/Silver-Spring/13915-Overton-Ln-20904/home/10563972,BRIGHT MLS,MDMC2024152,N,Y,39.0845992,-77.0091845
MLS Listing,,Single Family Residential,2409 Dressler Ln,Silver Spring,MD,20906,619900,4,3.0,STRATHMORE AT BEL PRE,2427,13771,1983,3,255,27,Active,,,https://www.redfin.com/MD/Silver-Spring/2409-Dressler-Ln-20906/home/11085618,BRIGHT MLS,MDMC2026948,N,Y,39.0750626,-77.051904
MLS Listing,,Townhouse,200 Finale Ter,Silver Spring,MD,20901,434900,3,3.0,DUMONT OAKS,1827,2500,1984,3,238,77,Active,,,https://www.redfin.com/MD/Silver-Spring/200-Finale-Ter-20901/home/10586547,BRIGHT MLS,MDMC2026302,N,Y,39.042832,-77.005039
MLS Listing,,Townhouse,2030 Derby Ridge Ln Unit 3-1,Silver Spring,MD,20910,530000,2,3.5,SADDLE RIDGE CODM,1836,,1985,3,289,426,Active,,,https://www.redfin.com/MD/Silver-Spring/2030-Derby-Ridge-Ln-20910/unit-3-1/home/11127528,BRIGHT MLS,MDMC2026318,N,Y,38.9933396,-77.0447883
MLS Listing,,Condo/Co-op,614 Sligo Ave #408,Silver Spring,MD,20910,189999,2,1.0,THE CAROLYN,1067,,1966,3,178,754,Active,,,https://www.redfin.com/MD/Silver-Spring/614-Sligo-Ave-20910/unit-408/home/11096668,BRIGHT MLS,MDMC2026844,N,Y,38.9908882,-77.0135792
MLS Listing,,Single Family Residential,8722 Leonard Dr,Silver Spring,MD,20910,799000,5,2.5,ROSEMARY KNOLLS,2124,5953,1951,4,376,,Active,,,https://www.redfin.com/MD/Silver-Spring/8722-Leonard-Dr-20910/home/11073330,BRIGHT MLS,MDMC2022258,N,Y,38.9994853,-77.0438307
MLS Listing,,Condo/Co-op,2217 Washington Ave #101,Silver Spring,MD,20910,220000,1,1.0,ROCK CREEK APTS CODM 1,739,,1948,4,298,477,Active,,,https://www.redfin.com/MD/Silver-Spring/2217-Washington-Ave-20910/unit-101/home/167109336,BRIGHT MLS,MDMC2026310,N,Y,38.9931969,-77.0478329
MLS Listing,,Single Family Residential,8714 Maywood Ave,Silver Spring,MD,20910,724500,3,2.0,ROSEMARY HILLS,1732,7080,1948,4,418,,Active,,,https://www.redfin.com/MD/Silver-Spring/8714-Maywood-Ave-20910/home/10996936,BRIGHT MLS,MDMC2024122,N,Y,38.9988813,-77.0455848
MLS Listing,,Single Family Residential,220 W University Blvd,Silver Spring,MD,20901,1099000,7,5.5,FAIRWAY,5685,8290,2021,4,193,,Active,,,https://www.redfin.com/MD/Silver-Spring/220-University-Blvd-W-20901/home/170107388,BRIGHT MLS,MDMC2023658,N,Y,39.022478,-77.016909
MLS Listing,,Vacant Land,15721 Holly Grove Rd,Silver Spring,MD,20905,650000,,,NORWOOD ESTATES,,152460,,4,,,Active,,,https://www.redfin.com/MD/Silver-Spring/15721-Holly-Grove-Rd-20905/home/10580377,BRIGHT MLS,MDMC2026558,N,Y,39.1163809,-77.007112
MLS Listing,,Single Family Residential,10413 Haywood Dr,Silver Spring,MD,20902,560000,3,2.0,CARROLL KNOLLS,1452,7759,1951,4,386,,Active,,,https://www.redfin.com/MD/Silver-Spring/10413-Haywood-Dr-20902/home/10982266,BRIGHT MLS,MDMC2024846,N,Y,39.0269365,-77.051027
MLS Listing,,Condo/Co-op,12001 Old Columbia Pike #612,Silver Spring,MD,20904,187000,3,2.0,COLUMBIA TOWERS,1316,,1975,4,142,776,Active,,,https://www.redfin.com/MD/Silver-Spring/12001-Old-Columbia-Pike-20904/unit-612/home/167109413,BRIGHT MLS,MDMC2026540,N,Y,39.0518531,-76.9747565
MLS Listing,,Townhouse,14924 Hydrus Rd,Silver Spring,MD,20906,450000,3,2.0,AQUARIUS AT BEL PRE,1203,12897,1972,4,374,88,Active,,,https://www.redfin.com/MD/Silver-Spring/14924-Hydrus-Rd-20906/home/11089311,BRIGHT MLS,MDMC2026270,N,Y,39.1014972,-77.0603285
MLS Listing,,Single Family Residential,14813 Harold Rd,Silver Spring,MD,20905,525000,3,2.5,OAK SPRINGS,1476,29931,1959,4,356,,Active,,,https://www.redfin.com/MD/Silver-Spring/14813-Harold-Rd-20905/home/10576790,BRIGHT MLS,MDMC2026458,N,Y,39.0989521,-76.97693
MLS Listing,,Single Family Residential,9210 Manchester Rd,Silver Spring,MD,20901,885000,4,3.0,SLIGO PARK HILLS,2403,20697,1952,5,368,,Active,,,https://www.redfin.com/MD/Silver-Spring/9210-Manchester-Rd-20901/home/10970165,BRIGHT MLS,MDMC2024182,N,Y,39.0051322,-77.0149964
MLS Listing,,Single Family Residential,1628 Hopefield Rd,Silver Spring,MD,20905,575950,4,3.0,GOOD HOPE ESTATES,1943,12688,1970,5,296,,Active,,,https://www.redfin.com/MD/Silver-Spring/1628-Hopefield-Rd-20905/home/10576768,BRIGHT MLS,MDMC2025662,N,Y,39.1057391,-76.977875
MLS Listing,,Single Family Residential,10011 Markham St,Silver Spring,MD,20901,519900,3,2.0,FAIRWAY,1784,5002,1946,5,291,,Active,,,https://www.redfin.com/MD/Silver-Spring/10011-Markham-St-20901/home/10984813,BRIGHT MLS,MDMC2025180,N,Y,39.0205182,-77.0171558
MLS Listing,,Single Family Residential,10707 Bucknell Dr,Silver Spring,MD,20902,699000,4,3.0,GLENVIEW,2113,7700,1950,5,331,,Active,,,https://www.redfin.com/MD/Silver-Spring/10707-Bucknell-Dr-20902/home/10988653,BRIGHT MLS,MDMC2025666,N,Y,39.0315855,-77.0450001
MLS Listing,,Condo/Co-op,700 Roeder Rd #101,Silver Spring,MD,20910,299900,1,1.0,DOWNTOWN SILVER SPRING,541,,1981,5,554,152,Active,,,https://www.redfin.com/MD/Silver-Spring/700-Roeder-Rd-20910/unit-101/home/177551916,BRIGHT MLS,MDMC2026548,N,Y,38.9987453,-77.0250032
MLS Listing,,Townhouse,11810 Valleywood Dr,Silver Spring,MD,20902,409000,4,2.5,CONN AVE ESTATES,1008,4900,1950,5,406,,Active,,,https://www.redfin.com/MD/Silver-Spring/11810-Valleywood-Dr-20902/home/11021495,BRIGHT MLS,MDMC2026394,N,Y,39.0502306,-77.0704997
MLS Listing,,Single Family Residential,2505 Eccleston St,Silver Spring,MD,20902,635000,6,2.0,CARROLL KNOLLS,2184,8389,1953,5,291,,Active,,,https://www.redfin.com/MD/Silver-Spring/2505-Eccleston-St-20902/home/10981964,BRIGHT MLS,MDMC2026366,N,Y,39.0231547,-77.0540852
MLS Listing,,Single Family Residential,10212 Douglas Ave,Silver Spring,MD,20902,509900,4,2.0,CARROLL KNOLLS,1704,7077,1949,5,299,,Active,,,https://www.redfin.com/MD/Silver-Spring/10212-Douglas-Ave-20902/home/10982207,BRIGHT MLS,MDMC2026444,N,Y,39.023472,-77.0469341
MLS Listing,,Single Family Residential,3505 Farthing Dr,Silver Spring,MD,20906,425000,4,2.0,CONN AVE ESTATES,1466,6922,1953,5,290,,Active,,,https://www.redfin.com/MD/Silver-Spring/3505-Farthing-Dr-20906/home/11021710,BRIGHT MLS,MDMC2026234,N,Y,39.0611456,-77.070005
MLS Listing,,Single Family Residential,11811 Dewey Rd,Silver Spring,MD,20906,600000,4,4.0,VEIRS MILL VILLAGE,1358,6463,1946,5,442,,Active,,,https://www.redfin.com/MD/Silver-Spring/11811-Dewey-Rd-20906/home/11003397,BRIGHT MLS,MDMC2025070,N,Y,39.0495751,-77.0882945
MLS Listing,,Single Family Residential,15225 Centergate Dr,Silver Spring,MD,20905,700000,3,3.0,STONEGATE,3438,27891,1971,6,204,,Active,,,https://www.redfin.com/MD/Silver-Spring/15225-Centergate-Dr-20905/home/10574517,BRIGHT MLS,MDMC2025772,N,Y,39.103934,-77.0086199
MLS Listing,,Condo/Co-op,3640 Gleneagles Dr Unit 10-2D,Silver Spring,MD,20906,117500,2,1.0,MONTGOMERY MUTUAL COOP,1035,,1967,6,114,850,Active,,,https://www.redfin.com/MD/Silver-Spring/3640-Gleneagles-Dr-20906/unit-10-2D/home/28961831,BRIGHT MLS,MDMC2025910,N,Y,39.0990178,-77.0723923
MLS Listing,,Townhouse,1711 Featherwood St,Silver Spring,MD,20904,399900,3,2.5,ROLLING ACRES,1232,1540,1983,6,325,78,Active,,,https://www.redfin.com/MD/Silver-Spring/1711-Featherwood-St-20904/home/10584305,BRIGHT MLS,MDMC2025896,N,Y,39.058892,-76.9746686
MLS Listing,,Single Family Residential,1211 Pinecrest Cir,Silver Spring,MD,20910,950000,3,2.5,WOODSIDE PARK,2143,12554,1947,7,443,,Active,,,https://www.redfin.com/MD/Silver-Spring/1211-Pinecrest-Cir-20910/home/11079978,BRIGHT MLS,MDMC2025990,N,Y,39.0059337,-77.0295718
MLS Listing,,Condo/Co-op,719 Erie Ave #3,Takoma Park,MD,20912,177900,1,1.0,TAKOMA PARK,430,,1937,7,414,320,Active,,,https://www.redfin.com/MD/Takoma-Park/719-Erie-Ave-20912/unit-3/home/39990253,BRIGHT MLS,MDMC2025690,N,Y,38.9883238,-77.0020389
MLS Listing,,Single Family Residential,11808 Huggins Dr,Silver Spring,MD,20902,590000,5,2.5,CONNECTICUT GARDENS,1512,7754,1949,7,390,,Active,,,https://www.redfin.com/MD/Silver-Spring/11808-Huggins-Dr-20902/home/11025534,BRIGHT MLS,MDMC2025152,N,Y,39.0495615,-77.0720286
MLS Listing,,Condo/Co-op,3330 N Leisure World Blvd Unit 5-114,Silver Spring,MD,20906,275000,2,2.0,FAIRWAYS SOUTH,1317,,1989,8,209,807,Active,,,https://www.redfin.com/MD/Silver-Spring/3330-N-Leisure-World-Blvd-20906/unit-5-114/home/11137859,BRIGHT MLS,MDMC2023390,N,Y,39.1064748,-77.0725457
MLS Listing,,Townhouse,14436 Taos Ct Unit 5-K,Silver Spring,MD,20906,310000,3,2.5,KIMBERLY PLACE,1538,,1971,8,202,455,Active,,,https://www.redfin.com/MD/Aspen-Hill/14436-Taos-Ct-20906/unit-5-K/home/11090468,BRIGHT MLS,MDMC2025776,N,Y,39.0926217,-77.0499446
MLS Listing,,Condo/Co-op,8045 Newell St #213,Silver Spring,MD,20910,325000,1,1.0,8045 AT SILVER SPRING ME,820,,2005,8,396,385,Active,,,https://www.redfin.com/MD/Silver-Spring/8045-Newell-St-20910/unit-213/home/11207892,BRIGHT MLS,MDMC2025426,N,Y,38.9884453,-77.0295943
MLS Listing,,Condo/Co-op,13601 Sir Thomas Way Unit 2-C-41,Silver Spring,MD,20904,189900,1,1.0,THE VINEYARDS CODM,922,,1991,9,206,335,Active,,,https://www.redfin.com/MD/Silver-Spring/13601-Sir-Thomas-Way-20904/unit-2-C-41/home/10602497,BRIGHT MLS,MDMC2025724,N,Y,39.081181,-76.9368034
MLS Listing,,Condo/Co-op,9039 Sligo Creek Pkwy #602,Silver Spring,MD,20901,350000,2,1.0,PARKSIDE PLAZA CODM,1172,,1965,9,299,788,Active,,,https://www.redfin.com/MD/Silver-Spring/9039-Sligo-Creek-Pkwy-20901/unit-602/home/11113983,BRIGHT MLS,MDMC2025020,N,Y,39.0042464,-77.0137142
MLS Listing,,Single Family Residential,709 Gist Ave,Silver Spring,MD,20910,819000,3,2.5,BLAIR,2430,5000,1936,9,337,,Active,,,https://www.redfin.com/MD/Silver-Spring/709-Gist-Ave-20910/home/10953349,BRIGHT MLS,MDMC2025674,N,Y,38.9882664,-77.0175157
MLS Listing,,Single Family Residential,806 Philadelphia Ave,Silver Spring,MD,20910,819000,3,2.5,BLAIR,2388,4000,1928,9,343,,Active,,,https://www.redfin.com/MD/Silver-Spring/806-Philadelphia-Ave-20910/home/10954154,BRIGHT MLS,MDMC2025670,N,Y,38.986825,-77.0221494
MLS Listing,,Condo/Co-op,13609 Sir Thomas Way Unit 1-C-12,Silver Spring,MD,20904,225000,2,2.0,THE VINEYARDS CODM,950,,1989,10,237,357,Active,,,https://www.redfin.com/MD/Silver-Spring/13609-Sir-Thomas-Way-20904/unit-1-C-12/home/10602017,BRIGHT MLS,MDMC2025478,N,Y,39.0812754,-76.9371613
MLS Listing,,Condo/Co-op,13601 Sir Thomas Way Unit 2-C-31,Silver Spring,MD,20904,170000,1,1.0,THE VINEYARDS CODM,922,,1991,10,184,357,Active,,,https://www.redfin.com/MD/Silver-Spring/13601-Sir-Thomas-Way-20904/unit-2-C-31/home/177491710,BRIGHT MLS,MDMC2025602,N,Y,39.081181,-76.9368034
MLS Listing,,Condo/Co-op,1201 East West Hwy #222,Silver Spring,MD,20910,487000,2,2.0,SILVERTON CODM,1307,,2006,10,373,731,Active,,,https://www.redfin.com/MD/Silver-Spring/1201-East-West-Hwy-20910/unit-222/home/11760595,BRIGHT MLS,MDMC2025366,N,Y,38.9907034,-77.0286497
MLS Listing,,Condo/Co-op,9201 New Hampshire Ave #302,Silver Spring,MD,20903,239900,3,1.5,PRESIDENTIAL PARK CONDO,1079,,1964,11,222,561,Active,,,https://www.redfin.com/MD/Silver-Spring/9201-New-Hampshire-Ave-20903/unit-302/home/10984123,BRIGHT MLS,MDPG2019592,N,Y,39.0047183,-76.9800643
MLS Listing,,Single Family Residential,111 Sunnyside Rd,Silver Spring,MD,20910,1195000,6,4.0,SLIGO PARK HILLS,2700,7376,1953,11,443,,Active,,,https://www.redfin.com/MD/Silver-Spring/111-Sunnyside-Rd-20910/home/10970392,BRIGHT MLS,MDMC2025338,N,Y,38.9878313,-77.007618
MLS Listing,,Condo/Co-op,9610 Dewitt Dr Unit B101,Silver Spring,MD,20910,425000,2,2.0,MAIN BUILDING CODM,1638,,1925,11,259,948,Active,,,https://www.redfin.com/MD/Silver-Spring/9610-Dewitt-Dr-20910/unit-B101/home/167185386,BRIGHT MLS,MDMC2024726,N,Y,39.012492,-77.057235
MLS Listing,,Condo/Co-op,8045 Newell St #418,Silver Spring,MD,20910,460000,2,2.0,8045 AT SILVER SPRING ME,1214,,2005,11,379,567,Active,,,https://www.redfin.com/MD/Silver-Spring/8045-Newell-St-20910/unit-418/home/11208086,BRIGHT MLS,MDMC2025082,N,Y,38.9884453,-77.0295943
MLS Listing,,Condo/Co-op,8045 Newell St #202,Silver Spring,MD,20910,460000,2,2.0,8045 AT SILVER SPRING ME,1203,,2005,12,382,567,Active,December-19-2021 01:00 PM,December-19-2021 03:00 PM,https://www.redfin.com/MD/Silver-Spring/8045-Newell-St-20910/unit-202/home/11207996,BRIGHT MLS,MDMC2023436,N,Y,38.9884453,-77.0295943
MLS Listing,,Single Family Residential,4317 Ivy Glen Rd,Silver Spring,MD,20906,414900,2,2.0,VEIRS MILL VILLAGE,1148,5698,1946,12,361,,Active,,,https://www.redfin.com/MD/Silver-Spring/4317-Ivy-Glen-Rd-20906/home/11003075,BRIGHT MLS,MDMC2024190,N,Y,39.042675,-77.0848479
MLS Listing,,Single Family Residential,2909 Calverton Blvd,Silver Spring,MD,20904,558000,3,2.5,CALVERTON,2767,11086,1966,12,202,,Active,,,https://www.redfin.com/MD/Silver-Spring/2909-Calverton-Blvd-20904/home/10573346,BRIGHT MLS,MDMC2024906,N,Y,39.0566034,-76.9474946
MLS Listing,,Vacant Land,8426 Piney Branch Rd,Silver Spring,MD,20901,4000000,,,CISSELS ADD,,19595,,12,,,Active,,,https://www.redfin.com/MD/Silver-Spring/8426-Piney-Branch-Rd-20901/home/11070222,BRIGHT MLS,MDMC2024830,N,Y,38.998075,-77.0046485
MLS Listing,,Single Family Residential,12305 Tampico Way,Silver Spring,MD,20904,515000,4,3.0,CALVERTON,2384,21209,1965,12,216,,Active,,,https://www.redfin.com/MD/Silver-Spring/12305-Tampico-Way-20904/home/10572334,BRIGHT MLS,MDMC2024812,N,Y,39.0577789,-76.9430382
MLS Listing,,Condo/Co-op,3210 N Leisure World Blvd #1004,Silver Spring,MD,20906,310000,2,2.0,VANTAGE POINT WEST AT LE,1305,,2001,12,238,794,Active,,,https://www.redfin.com/MD/Silver-Spring/3210-N-Leisure-World-Blvd-20906/unit-1004/home/11171385,BRIGHT MLS,MDMC2024772,N,Y,39.1084637,-77.0671046
MLS Listing,,Condo/Co-op,14104 Valleyfield Dr Unit 6-5,Silver Spring,MD,20906,245900,2,2.0,WINTERGATE AT LONGMEAD C,856,,1991,13,287,364,Active,,,https://www.redfin.com/MD/Silver-Spring/14104-Valleyfield-Dr-20906/unit-6-5/home/11139657,BRIGHT MLS,MDMC2024780,N,Y,39.1058619,-77.0560772
MLS Listing,,Vacant Land,14617 Good Hope Rd,Silver Spring,MD,20905,50000,,,COLESVILLE OUTSIDE,,45986,,14,,,Active,,,https://www.redfin.com/MD/Colesville/14617-Good-Hope-Rd-20905/home/24543319,BRIGHT MLS,MDMC2024508,N,Y,39.0957123,-76.9888364
MLS Listing,,Single Family Residential,1503 Hanby St,Silver Spring,MD,20902,450000,3,2.0,CHESTNUT HILLS,1192,5714,1950,15,378,,Active,,,https://www.redfin.com/MD/Silver-Spring/1503-Hanby-St-20902/home/11017503,BRIGHT MLS,MDMC2024256,N,Y,39.0316119,-77.0334066
MLS Listing,,Single Family Residential,9905 Merwood Ln,Silver Spring,MD,20901,525000,2,2.0,INDIAN SPRING VILLAGE,948,6886,1938,15,554,,Active,,,https://www.redfin.com/MD/Silver-Spring/9905-Merwood-Ln-20901/home/11016862,BRIGHT MLS,MDMC2023878,N,Y,39.0175607,-77.0051435
MLS Listing,,Condo/Co-op,9909 Blundon Dr Unit 4-202,Silver Spring,MD,20902,249900,2,1.5,AMERICANA FINMARK,1047,,1969,15,239,671,Active,,,https://www.redfin.com/MD/Silver-Spring/9909-Blundon-Dr-20902/unit-4-202/home/11097298,BRIGHT MLS,MDMC2024272,N,Y,39.0177705,-77.0453901
MLS Listing,,Condo/Co-op,3312-1B Chiswick Ct Unit 62-1B,Silver Spring,MD,20906,84000,1,1.0,MONTGOMERY MUTUAL COOP,635,,1967,16,132,716,Active,,,https://www.redfin.com/MD/Silver-Spring/3312-Chiswick-Ct-20906/unit-62-1B/home/28962222,BRIGHT MLS,MDMC2023654,N,Y,39.099651,-77.0662951
MLS Listing,,Single Family Residential,10303 Haywood Dr,Silver Spring,MD,20902,450000,3,2.0,CARROLL KNOLLS,1452,6384,1951,17,310,,Active,,,https://www.redfin.com/MD/Silver-Spring/10303-Haywood-Dr-20902/home/10983748,BRIGHT MLS,MDMC2023640,N,Y,39.0247006,-77.0528709
MLS Listing,,Condo/Co-op,1623 Carriage House Ter Unit 1623-G,Silver Spring,MD,20904,159990,1,1.0,TIERS AT SIL SPRG CODM,568,,1986,18,282,314,Active,,,https://www.redfin.com/MD/Silver-Spring/1623-Carriage-House-Ter-20904/unit-1623-G/home/10596403,BRIGHT MLS,MDMC2024290,N,Y,39.0489003,-76.9792765
MLS Listing,,Condo/Co-op,575 Thayer Ave #802,Silver Spring,MD,20910,199000,1,1.0,THAYER TOWERS,690,,1960,19,288,580,Active,,,https://www.redfin.com/MD/Silver-Spring/575-Thayer-Ave-20910/unit-802/home/11095514,BRIGHT MLS,MDMC2024284,N,Y,38.9936487,-77.0174482
MLS Listing,,Townhouse,3603 S Leisure World Blvd Unit 19-J,Silver Spring,MD,20906,200000,2,2.0,MONTGOMERY MUTUAL COOP,1600,,1967,20,125,901,Active,,,https://www.redfin.com/MD/Silver-Spring/3603-S-Leisure-World-Blvd-20906/unit-19-J/home/28961792,BRIGHT MLS,MDMC2023072,N,Y,39.0964816,-77.0719044
MLS Listing,,Single Family Residential,1213 Tucker Ln,Ashton,MD,20861,575000,5,2.5,EDNOR ACRES,2243,51400,1950,20,256,,Active,,,https://www.redfin.com/MD/Ashton/1213-Tucker-Ln-20861/home/10706429,BRIGHT MLS,MDMC2011012,N,Y,39.1458473,-76.9900456
MLS Listing,,Condo/Co-op,3100 N Leisure World Blvd #415,Silver Spring,MD,20906,285000,2,2.0,OVERLOOK AT LEISURE WORL,1242,,2004,23,229,666,Active,,,https://www.redfin.com/MD/Silver-Spring/3100-N-Leisure-World-Blvd-20906/unit-415/home/11205826,BRIGHT MLS,MDMC2023894,N,Y,39.1056336,-77.0640465
MLS Listing,,Single Family Residential,10700 Huntwood Dr,Silver Spring,MD,20901,650000,4,3.0,NORTHWEST BRANCH ESTS,2276,14992,1960,23,286,,Active,,,https://www.redfin.com/MD/Silver-Spring/10700-Huntwood-Dr-20901/home/10564139,BRIGHT MLS,MDMC2023470,N,Y,39.0318144,-76.9994293
MLS Listing,,Single Family Residential,15001 Peach Orchard Rd,Silver Spring,MD,20905,660000,6,4.0,PEACH ORCHARD HEIGHTS,4371,31284,1960,23,151,,Active,,,https://www.redfin.com/MD/Silver-Spring/15001-Peach-Orchard-Rd-20905/home/10569701,BRIGHT MLS,MDMC2023876,N,Y,39.1020541,-76.9628208
MLS Listing,,Condo/Co-op,14805 Pennfield Cir #301,Silver Spring,MD,20906,329000,2,2.0,VILLA CORTEZ CODM,1136,,1995,23,290,712,Active,,,https://www.redfin.com/MD/Silver-Spring/14805-Pennfield-Cir-20906/unit-301/home/11145113,BRIGHT MLS,MDMC2023188,N,Y,39.098993,-77.075532
MLS Listing,,Townhouse,15409 Prince Frederick Way Unit 98-B,Silver Spring,MD,20906,499900,2,2.0,ROSSMOOR MUTUAL #16,1470,,1977,24,340,750,Active,,,https://www.redfin.com/MD/Silver-Spring/15409-Prince-Frederick-Way-20906/unit-98-B/home/11102756,BRIGHT MLS,MDMC2022814,N,Y,39.1094896,-77.0672881
MLS Listing,,Condo/Co-op,3772 Bel Pre Rd Unit 3772-7,Silver Spring,MD,20906,200000,3,2.0,FAIRWAYS CODM,1160,,1970,25,172,750,Active,,,https://www.redfin.com/MD/Silver-Spring/3772-Bel-Pre-Rd-20906/unit-3772-7/home/11105313,BRIGHT MLS,MDMC2023234,N,Y,39.0933367,-77.0747748
MLS Listing,,Condo/Co-op,2808 Clear Shot Dr Unit 9-30,Silver Spring,MD,20906,239900,2,2.0,WINTERGATE AT LONGMEAD C,983,,1993,25,244,345,Active,,,https://www.redfin.com/MD/Aspen-Hill/2808-Clear-Shot-Dr-20906/unit-9-30/home/11142999,BRIGHT MLS,MDMC2022296,N,Y,39.108281,-77.056754
MLS Listing,,Condo/Co-op,1320 Fenwick Ln #804,Silver Spring,MD,20910,260000,1,1.0,DOWNTOWN SILVER SPRING,478,,2016,26,544,356,Active,,,https://www.redfin.com/MD/Silver-Spring/1320-Fenwick-Ln-20910/unit-804/home/113005591,BRIGHT MLS,MDMC2023402,N,Y,38.9968737,-77.0318435
MLS Listing,,Single Family Residential,410 Domer Ave,Takoma Park,MD,20912,779900,4,3.0,WHEATON OUT RES. (1),1190,7412,1943,26,655,,Active,,,https://www.redfin.com/MD/Takoma-Park/410-Domer-Ave-20912/home/10951265,BRIGHT MLS,MDMC2023548,N,Y,38.997024,-77.00091
MLS Listing,,Condo/Co-op,3005 S Leisure World Blvd #221,Silver Spring,MD,20906,395000,2,2.0,TURNBERRY COURTS AT LEIS,1601,,2000,26,247,1151,Active,,,https://www.redfin.com/MD/Silver-Spring/3005-S-Leisure-World-Blvd-20906/unit-221/home/11171105,BRIGHT MLS,MDMC2023564,N,Y,39.10405,-77.06053
MLS Listing,,Single Family Residential,12905 Ruxton Rd,Silver Spring,MD,20904,650000,4,2.5,SNOWDENS MILL,3012,11127,1979,26,216,21,Active,,,https://www.redfin.com/MD/Silver-Spring/12905-Ruxton-Rd-20904/home/10578882,BRIGHT MLS,MDMC2022522,N,Y,39.066855,-76.9671415
MLS Listing,,Vacant Land,170 Norwood Rd,Silver Spring,MD,20905,450000,,,COLESVILLE OUTSIDE,,54014,,27,,,Active,,,https://www.redfin.com/MD/Silver-Spring/170-Norwood-Rd-20905/home/10555428,BRIGHT MLS,MDMC2023376,N,Y,39.110862,-77.010845
MLS Listing,,Condo/Co-op,700 Roeder Rd #202,Silver Spring,MD,20910,397400,1,1.0,DOWNTOWN SILVER SPRING,639,,1981,28,622,180,Active,,,https://www.redfin.com/MD/Silver-Spring/700-Roeder-Rd-20910/unit-202/home/175622288,BRIGHT MLS,MDMC2023314,N,Y,38.9987453,-77.0250032
MLS Listing,,Single Family Residential,15401 Baileys Ln,Silver Spring,MD,20906,749900,4,3.5,NORBECK HILLS,3598,20914,1985,30,208,,Active,,,https://www.redfin.com/MD/Silver-Spring/15401-Baileys-Ln-20906/home/11128632,BRIGHT MLS,MDMC2017774,N,Y,39.108939,-77.061191
MLS Listing,,Condo/Co-op,12001 Old Columbia Pike #803,Silver Spring,MD,20904,150000,1,1.0,COLUMBIA TOWERS,774,,1975,31,194,549,Active,,,https://www.redfin.com/MD/Silver-Spring/12001-Old-Columbia-Pike-20904/unit-803/home/177177432,BRIGHT MLS,MDMC2023036,N,Y,39.0518531,-76.9747565
MLS Listing,,Single Family Residential,9901 Gardiner Ave,Silver Spring,MD,20902,649900,4,2.0,FOREST GLEN INV CO,1740,7500,1956,31,374,,Active,,,https://www.redfin.com/MD/Silver-Spring/9901-Gardiner-Ave-20902/home/10957700,BRIGHT MLS,MDMC2023120,N,Y,39.0173046,-77.0495351
MLS Listing,,Condo/Co-op,700 Roeder Rd #405,Silver Spring,MD,20910,324900,1,1.0,DOWNTOWN SILVER SPRING,598,,1981,31,543,168,Active,,,https://www.redfin.com/MD/Silver-Spring/700-Roeder-Rd-20910/unit-405/home/177174021,BRIGHT MLS,MDMC2023140,N,Y,38.9987453,-77.0250032
MLS Listing,,Single Family Residential,12304 Blakely Ct,Silver Spring,MD,20904,539999,6,3.0,CALVERTON,2564,14136,1967,31,211,,Active,,,https://www.redfin.com/MD/Silver-Spring/12304-Blakely-Ct-20904/home/10572372,BRIGHT MLS,MDMC2022004,N,Y,39.0587909,-76.9501954
MLS Listing,,Single Family Residential,10405 Kinloch Rd,Silver Spring,MD,20903,599900,4,3.0,HILLANDALE,1989,11761,1963,32,302,,Active,,,https://www.redfin.com/MD/Silver-Spring/10405-Kinloch-Rd-20903/home/10559377,BRIGHT MLS,MDMC2020458,N,Y,39.0259114,-76.9688292
MLS Listing,,Single Family Residential,1202 Edgevale Rd,Silver Spring,MD,20910,1150000,5,3.5,WOODSIDE PARK,3655,8972,1991,32,315,,Active,,,https://www.redfin.com/MD/Silver-Spring/1202-Edgevale-Rd-20910/home/11138467,BRIGHT MLS,MDMC2022790,N,Y,39.0074721,-77.0265129
MLS Listing,,Single Family Residential,10512 Edgewood Ave,Silver Spring,MD,20901,550000,3,2.5,NORTHWOOD KNOLLS,1560,6820,1956,32,353,,Active,,,https://www.redfin.com/MD/Silver-Spring/10512-Edgewood-Ave-20901/home/11065023,BRIGHT MLS,MDMC2022878,N,Y,39.0281242,-77.0178306
MLS Listing,,Townhouse,12706 Epping Unit 9B,Silver Spring,MD,20906,325000,3,2.5,GLENMONT HEIGHTS CODM,1296,,1966,33,251,437,Active,,,https://www.redfin.com/MD/Silver-Spring/12706-Epping-Ter-20906/unit-9B/home/11010019,BRIGHT MLS,MDMC2001269,N,Y,39.064459,-77.0571301
MLS Listing,,Single Family Residential,827 Philadelphia Ave,Silver Spring,MD,20910,750000,4,2.5,BLAIR,2228,7308,1903,33,337,,Active,,,https://www.redfin.com/MD/Silver-Spring/827-Philadelphia-Ave-20910/home/10953337,BRIGHT MLS,MDMC2022820,N,Y,38.9879182,-77.0229591
MLS Listing,,Single Family Residential,1009 Noyes Dr,Silver Spring,MD,20910,1300000,4,4.5,WOODSIDE PARK,2388,6717,1935,34,544,,Active,,,https://www.redfin.com/MD/Silver-Spring/1009-Noyes-Dr-20910/home/11079893,BRIGHT MLS,MDMC2022512,N,Y,39.0007009,-77.0265129
MLS Listing,,Single Family Residential,634 Mississippi Ave,Silver Spring,MD,20910,1375000,4,3.5,BLAIR,3700,7200,2021,35,372,,Active,,,https://www.redfin.com/MD/Silver-Spring/634-Mississippi-Ave-20910/home/10953994,BRIGHT MLS,MDMC2022508,N,Y,38.9902275,-77.0157162
MLS Listing,,Townhouse,3820 Chesterwood Dr #3820,Silver Spring,MD,20906,300000,2,1.5,MONTGOMERY CHASE CODM,1310,,1983,35,229,187,Active,,,https://www.redfin.com/MD/Aspen-Hill/3820-Chesterwood-Dr-20906/unit-3820/home/11210497,BRIGHT MLS,MDMC2022454,N,Y,39.087304,-77.0766476
MLS Listing,,Condo/Co-op,8308 Flower Ave #303,Takoma Park,MD,20912,209000,1,1.0,TAKOMA PARK,887,,1935,38,236,472,Active,,,https://www.redfin.com/MD/Takoma-Park/8308-Flower-Ave-20912/unit-303/home/11201456,BRIGHT MLS,MDMC2021738,N,Y,38.993175,-77.0026289
MLS Listing,,Single Family Residential,2430 Lyttonsville Rd,Silver Spring,MD,20910,959900,5,6.0,P & B ADD LINDEN,3268,27731,1987,39,294,,Active,,,https://www.redfin.com/MD/Silver-Spring/2430-Lyttonsville-Rd-20910/home/11131837,BRIGHT MLS,MDMC2022198,N,Y,39.0008289,-77.0493629
MLS Listing,,Single Family Residential,8707 Geren Rd,Silver Spring,MD,20901,549995,4,2.0,FOREST HILLS,1955,9673,1938,39,281,,Active,,,https://www.redfin.com/MD/Silver-Spring/8707-Geren-Rd-20901/home/11064383,BRIGHT MLS,MDMC2020586,N,Y,38.998251,-77.0051435
MLS Listing,,Townhouse,3818 Chesterwood Dr #3818,Silver Spring,MD,20906,284000,2,2.0,MONTGOMERY CHASE CODM,1256,,1983,40,226,187,Active,,,https://www.redfin.com/MD/Aspen-Hill/3818-Chesterwood-Dr-20906/unit-3818/home/11210502,BRIGHT MLS,MDMC2021894,N,Y,39.0873068,-77.0766382
MLS Listing,,Single Family Residential,513 Cannon Rd,Silver Spring,MD,20904,580000,6,3.5,WOODLAWN TERRACE,1954,10534,1971,43,297,,Active,,,https://www.redfin.com/MD/Silver-Spring/901-Cannon-Rd-20904/home/10577209,BRIGHT MLS,MDMC2021304,N,Y,39.068788,-76.994141
MLS Listing,,Townhouse,3210 Gleneagles Dr Unit 109-F,Silver Spring,MD,20906,199900,2,3.0,ROSSMOOR MUTUAL #8,1600,,1970,43,125,787,Active,,,https://www.redfin.com/MD/Silver-Spring/3210-Gleneagles-Dr-20906/unit-109-F/home/11088340,BRIGHT MLS,MDMC2021142,N,Y,39.101184,-77.065756
MLS Listing,,Single Family Residential,9615 New Hampshire Ave,Silver Spring,MD,20903,580000,4,3.0,ADELPHI HEIGHTS,1934,6251,1956,44,300,,Active,,,https://www.redfin.com/MD/Silver-Spring/9615-New-Hampshire-Ave-20903/home/10567059,BRIGHT MLS,MDMC2021412,N,Y,39.0135981,-76.977875
MLS Listing,,Condo/Co-op,9610 Dewitt Dr Ph 411,Silver Spring,MD,20910,354995,1,1.0,MAIN BUILDING CODM,1012,,1925,45,351,805,Active,,,https://www.redfin.com/MD/Silver-Spring/9610-Dewitt-Dr-20910/unit-411/home/28961905,BRIGHT MLS,MDMC2021386,N,Y,39.0121872,-77.0568152
MLS Listing,,Condo/Co-op,3439 S Leisure World Blvd Unit 84-2C,Silver Spring,MD,20906,129000,1,1.0,MONTGOMERY MUTUAL COOP,990,,1967,46,130,778,Active,,,https://www.redfin.com/MD/Silver-Spring/3439-S-Leisure-World-Blvd-20906/unit-84-2C/home/22048235,BRIGHT MLS,MDMC2019782,N,Y,39.0955659,-77.0675629
MLS Listing,,Condo/Co-op,2219 Washington Ave Unit W-202,Silver Spring,MD,20910,240000,1,1.0,ROCK CREEK APTS CODM 1,698,,1948,46,344,477,Active,,,https://www.redfin.com/MD/Silver-Spring/2219-Washington-Ave-20910/unit-W-202/home/176993726,BRIGHT MLS,MDMC2020744,N,Y,38.9934871,-77.048023
MLS Listing,,Condo/Co-op,1320 Fenwick Ln #303,Silver Spring,MD,20910,249900,1,1.0,DOWNTOWN SILVER SPRING,483,,1964,46,517,357,Active,,,https://www.redfin.com/MD/Silver-Spring/1320-Fenwick-Ln-20910/unit-303/home/108579924,BRIGHT MLS,MDMC2020962,N,Y,38.9968737,-77.0318435
MLS Listing,,Parking,1220 Blair Mill Rd #802,Silver Spring,MD,20910,229999,1,1.0,MICA CODM @ SILVER SPRIN,860,,1968,46,267,698,Active,,,https://www.redfin.com/MD/Silver-Spring/1220-Blair-Mill-Rd-20910/unit-802/home/11760737,BRIGHT MLS,MDMC2021140,N,Y,38.9894781,-77.0302241
MLS Listing,,Single Family Residential,326 Hannes St,Silver Spring,MD,20901,564999,4,2.5,NORTHWOOD PARK,2202,6107,1964,46,257,,Active,,,https://www.redfin.com/MD/Silver-Spring/326-Hannes-St-20901/home/10965440,BRIGHT MLS,MDMC2021134,N,Y,39.0325307,-77.0185504
MLS Listing,,Condo/Co-op,9610 Dewitt Dr Unit BALLROOM 413,Silver Spring,MD,20910,475000,3,2.5,MAIN BUILDING CODM,1653,,1925,46,287,983,Active,,,https://www.redfin.com/MD/Silver-Spring/9610-Dewitt-Dr-20910/unit-BALLROOM-413/home/176986509,BRIGHT MLS,MDMC2021138,N,Y,39.0121872,-77.0568152
MLS Listing,,Condo/Co-op,3320 Chiswick Unit 61-2C,Silver Spring,MD,20906,138500,2,1.0,MONTGOMERY MUTUAL COOP,1035,,1967,47,134,797,Active,,,https://www.redfin.com/MD/Silver-Spring/3320-Chiswick-Ct-20906/unit-61-2C/home/12053714,BRIGHT MLS,MDMC2001083,N,Y,39.0992292,-77.0669921
MLS Listing,,Condo/Co-op,2388 Sun Valley Cir Unit 2-PQ,Silver Spring,MD,20906,210000,2,2.0,KIMBERLY PLACE,1064,,1971,47,197,320,Active,,,https://www.redfin.com/MD/Silver-Spring/2388-Sun-Valley-Cir-20906/unit-2-PQ/home/11090193,BRIGHT MLS,MDMC2020952,N,Y,39.0920747,-77.0487661
MLS Listing,,Single Family Residential,107 Williamsburg Dr,Silver Spring,MD,20901,610000,4,2.0,INDIAN SPRING VILLAGE,1730,10500,1936,47,353,,Active,,,https://www.redfin.com/MD/Silver-Spring/107-Williamsburg-Dr-20901/home/11016611,BRIGHT MLS,MDMC2001107,N,Y,39.0184741,-77.0064932
MLS Listing,,Condo/Co-op,9205 New Hampshire Ave #204,Silver Spring,MD,20903,118400,1,1.0,PRESIDENTIAL PARK CONDO,596,,1964,47,199,315,Active,,,https://www.redfin.com/MD/Silver-Spring/9205-New-Hampshire-Ave-20903/unit-204/home/23388165,BRIGHT MLS,MDPG2015514,N,Y,39.0053575,-76.9799226
MLS Listing,,Condo/Co-op,9909 Blundon Dr Unit 4-102,Silver Spring,MD,20902,289900,2,1.5,AMERICANA FINMARK,1047,,1969,49,277,556,Active,,,https://www.redfin.com/MD/Silver-Spring/9909-Blundon-Dr-20902/unit-4-102/home/11097295,BRIGHT MLS,MDMC2020788,N,Y,39.0177705,-77.0453901
MLS Listing,,Townhouse,3821 Chesterwood Dr,Silver Spring,MD,20906,290000,2,1.5,MONTGOMERY CHASE CODM,1433,,1983,49,202,187,Active,,,https://www.redfin.com/MD/Silver-Spring/3821-Chesterwood-Dr-20906/home/22049397,BRIGHT MLS,MDMC2020692,N,Y,39.0871576,-77.0769698
MLS Listing,,Single Family Residential,8921 2nd Ave,Silver Spring,MD,20910,969000,4,3.0,WOODSIDE,3543,9515,1955,50,273,,Active,,,https://www.redfin.com/MD/Silver-Spring/8921-2nd-Ave-20910/home/10979241,BRIGHT MLS,MDMC2020604,N,Y,39.0024044,-77.0387931
MLS Listing,,Single Family Residential,11407 Lovejoy,Silver Spring,MD,20902,495999,3,2.5,KEMP MILL ESTATES,1956,9265,1959,51,254,,Active,,,https://www.redfin.com/MD/Silver-Spring/11407-Lovejoy-St-20902/home/11049971,BRIGHT MLS,MDMC2001213,N,Y,39.042627,-77.0185954
MLS Listing,,Single Family Residential,9135 Sligo Creek Pkwy,Silver Spring,MD,20901,825000,3,3.0,SEVEN OAKS,3144,10696,1940,52,262,,Active,,,https://www.redfin.com/MD/Silver-Spring/9135-Sligo-Creek-Pkwy-20901/home/10966619,BRIGHT MLS,MDMC2020260,N,Y,39.0060207,-77.016481
MLS Listing,,Condo/Co-op,614 Sligo Ave #202,Silver Spring,MD,20910,119999,1,1.0,THE CAROLYN,828,,1966,52,145,667,Active,,,https://www.redfin.com/MD/Silver-Spring/614-Sligo-Ave-20910/unit-202/home/11096577,BRIGHT MLS,MDMC2019778,N,Y,38.9908882,-77.0135792
MLS Listing,,Condo/Co-op,1201 East West Hwy #101,Silver Spring,MD,20910,460000,2,2.0,SILVERTON CODM,1149,,2006,53,400,594,Active,,,https://www.redfin.com/MD/Silver-Spring/1201-East-West-Hwy-20910/unit-101/home/11760579,BRIGHT MLS,MDMC2020134,N,Y,38.9907034,-77.0286497
MLS Listing,,Condo/Co-op,95 E Wayne Ave #204,Silver Spring,MD,20901,155000,1,1.0,KENWOOD HOUSE,817,,1957,53,190,540,Active,,,https://www.redfin.com/MD/Silver-Spring/95-E-Wayne-Ave-20901/unit-204/home/11095664,BRIGHT MLS,MDMC2019746,N,Y,39.0014377,-77.0076405
MLS Listing,,Single Family Residential,2817 Ivydale St,Wheaton,MD,20902,439900,4,2.0,WHEATON HILLS,1723,8098,1949,54,255,,Active,,,https://www.redfin.com/MD/Wheaton/2817-Ivydale-St-20902/home/11007714,BRIGHT MLS,MDMC2020152,N,Y,39.0482508,-77.0585826
MLS Listing,,Vacant Land,16530 Copperstrip Ln,Silver Spring,MD,20906,1999000,,,OLNEY OUT RES (3),,1217066,,55,,,Active,,,https://www.redfin.com/MD/Silver-Spring/16530-Copperstrip-Ln-20906/home/10722606,BRIGHT MLS,MDMC2019954,N,Y,39.130051,-77.0419189
MLS Listing,,Condo/Co-op,8005 13th St #102,Silver Spring,MD,20910,299900,1,1.0,THE ORION CODM,622,,2012,55,482,426,Active,,,https://www.redfin.com/MD/Silver-Spring/8005-13th-St-20910/unit-102/home/49782574,BRIGHT MLS,MDMC2019892,N,Y,38.9868944,-77.0290067
MLS Listing,,Condo/Co-op,1900 Lyttonsville Rd #514,Silver Spring,MD,20910,193000,1,1.0,PARK SUTTON,832,,1964,55,232,612,Active,,,https://www.redfin.com/MD/Silver-Spring/1900-Lyttonsville-Rd-20910/unit-514/home/11107335,BRIGHT MLS,MDMC2018882,N,Y,39.0012929,-77.0411995
MLS Listing,,Single Family Residential,2622 Henderson Ave,Silver Spring,MD,20902,459000,4,2.0,WHEATONCREST,1494,,1952,59,307,,Active,,,https://www.redfin.com/MD/Silver-Spring/2622-Henderson-Ave-20902/home/11004720,BRIGHT MLS,MDMC2000571,N,Y,39.0516657,-77.0554794
MLS Listing,,Condo/Co-op,3911 Doc Berlin Dr #24,Silver Spring,MD,20906,394500,2,2.0,NORBECK CROSSING,1210,,2017,59,326,418,Active,,,https://www.redfin.com/MD/Silver-Spring/3911-Doc-Berlin-Dr-20906/unit-24/home/112907158,BRIGHT MLS,MDMC2019496,N,Y,39.1133324,-77.0741196
MLS Listing,,Condo/Co-op,700 Roeder Rd #602,Silver Spring,MD,20910,427400,2,1.0,DOWNTOWN SILVER SPRING,639,,1981,59,669,180,Active,,,https://www.redfin.com/MD/Silver-Spring/700-Roeder-Rd-20910/unit-602/home/176738269,BRIGHT MLS,MDMC2019494,N,Y,38.9987453,-77.0250032
MLS Listing,,Condo/Co-op,700 Roeder Rd #301,Silver Spring,MD,20910,329900,1,1.0,DOWNTOWN SILVER SPRING,541,,1981,59,610,152,Active,,,https://www.redfin.com/MD/Silver-Spring/700-Roeder-Rd-20910/unit-301/home/176738098,BRIGHT MLS,MDMC2019488,N,Y,38.9987453,-77.0250032
MLS Listing,,Condo/Co-op,700 Roeder Rd #403,Silver Spring,MD,20910,357400,1,1.0,DOWNTOWN SILVER SPRING,585,,1981,59,611,165,Active,,,https://www.redfin.com/MD/Silver-Spring/700-Roeder-Rd-20910/unit-403/home/176737732,BRIGHT MLS,MDMC2019486,N,Y,38.9987453,-77.0250032
MLS Listing,,Condo/Co-op,700 Roeder Rd #504,Silver Spring,MD,20910,339900,1,1.0,DOWNTOWN SILVER SPRING,598,,1981,59,568,168,Active,,,https://www.redfin.com/MD/Silver-Spring/700-Roeder-Rd-20910/unit-504/home/176737576,BRIGHT MLS,MDMC2019460,N,Y,38.9987453,-77.0250032
MLS Listing,,Single Family Residential,15709 Holly Grove Rd,Silver Spring,MD,20905,880000,4,4.0,NORWOOD ESTATES,3741,87991,1986,60,235,,Active,,,https://www.redfin.com/MD/Silver-Spring/15709-Holly-Grove-Rd-20905/home/10580387,BRIGHT MLS,MDMC2000147,N,Y,39.1142654,-77.0069431
MLS Listing,,Single Family Residential,4500 Randolph Rd,Silver Spring,MD,20906,464990,3,2.0,VEIRS MILL VILLAGE,1296,15726,1946,60,359,,Active,,,https://www.redfin.com/MD/Silver-Spring/4500-Randolph-Rd-20906/home/11001901,BRIGHT MLS,MDMC2000653,N,Y,39.0541093,-77.0861476
MLS Listing,,Condo/Co-op,9732 Glen Ave #202,Silver Spring,MD,20910,157000,1,1.0,GLEN MANOR,579,,1965,60,271,,Active,,,https://www.redfin.com/MD/Silver-Spring/9732-Glen-Ave-20910/unit-202/home/176730166,BRIGHT MLS,MDMC2001329,N,Y,39.0154956,-77.0550406
MLS Listing,,Condo/Co-op,575 Thayer Ave #704,Silver Spring,MD,20910,199000,1,1.0,THAYER TOWERS,689,,1960,61,289,526,Active,,,https://www.redfin.com/MD/Silver-Spring/575-Thayer-Ave-20910/unit-704/home/11095501,BRIGHT MLS,MDMC2001103,N,Y,38.9936487,-77.0174482
MLS Listing,,Single Family Residential,705 Cornwall St,Silver Spring,MD,20901,648000,4,3.5,WHEATON OUT RES. (1),2088,8127,1992,62,310,,Active,,,https://www.redfin.com/MD/Silver-Spring/705-Cornwall-St-20901/home/11138528,BRIGHT MLS,MDMC2001197,N,Y,39.0073566,-76.9963696
MLS Listing,,Condo/Co-op,614 Sligo Ave Unit T-3,Silver Spring,MD,20910,180000,2,1.0,THE CAROLYN,991,,1966,62,182,754,Active,,,https://www.redfin.com/MD/Silver-Spring/614-Sligo-Ave-20910/unit-T3/home/10947987,BRIGHT MLS,MDMC2000935,N,Y,38.9908882,-77.0135792
MLS Listing,,Townhouse,3065 Mozart,Silver Spring,MD,20904,399900,4,2.5,TANGLEWOOD,1980,2250,1983,69,202,79,Active,,,https://www.redfin.com/MD/Silver-Spring/3065-Mozart-Dr-20904/home/10584064,BRIGHT MLS,MDMC2019362,N,Y,39.069904,-76.947722
MLS Listing,,Single Family Residential,2616 Spencer Rd,Chevy Chase,MD,20815,775000,4,3.0,ROCK CREEK FOREST,1984,6765,1948,74,391,,Active,,,https://www.redfin.com/MD/Chevy-Chase/2616-Spencer-Rd-20815/home/10999303,BRIGHT MLS,MDMC2018460,N,Y,38.9934912,-77.0546699
MLS Listing,,Condo/Co-op,2900 N Leisure World Blvd #204,Silver Spring,MD,20906,299000,2,2.0,TURNBERRY COURTS AT LEIS,1462,,1998,75,205,1073,Active,,,https://www.redfin.com/MD/Silver-Spring/2900-N-Leisure-World-Blvd-20906/unit-204/home/11152838,BRIGHT MLS,MDMC2018344,N,Y,39.1044239,-77.0596394
MLS Listing,,Single Family Residential,2713 Duvall Rd,Burtonsville,MD,20866,590000,5,3.5,COLESVILLE OUTSIDE,2474,39384,1981,76,238,,Active,,,https://www.redfin.com/MD/Burtonsville/2713-Duvall-Rd-20866/home/10556408,BRIGHT MLS,MDMC2018500,N,Y,39.0903769,-76.954889
MLS Listing,,Townhouse,16317 Coolidge,Silver Spring,MD,20906,649990,3,3.0,BRADFORD'S LANDING,1930,1766,2019,77,337,87,Active,,,https://www.redfin.com/MD/Silver-Spring/16317-Coolidge-Ave-20906/home/167691628,BRIGHT MLS,MDMC2018326,N,Y,39.1135142,-77.0681726
MLS Listing,,Townhouse,3755 Glen Eagles Dr,Silver Spring,MD,20906,191860,3,1.5,REGENCY AT LEISURE WORLD,1250,2010,2006,77,153,391,Active,,,https://www.redfin.com/MD/Silver-Spring/3755-Gleneagles-Dr-20906/home/11193985,BRIGHT MLS,MDMC2009534,N,Y,39.0971613,-77.0775459
MLS Listing,,Condo/Co-op,1900 Lyttonsville Rd #1207,Silver Spring,MD,20910,298000,2,1.5,PARK SUTTON,1050,,1964,81,284,770,Active,,,https://www.redfin.com/MD/Silver-Spring/1900-Lyttonsville-Rd-20910/unit-1207/home/11107759,BRIGHT MLS,MDMC2016216,N,Y,39.0012929,-77.0411995
MLS Listing,,Single Family Residential,2308 Homestead Dr,Silver Spring,MD,20902,440000,3,2.0,CARROLL KNOLLS,1694,5800,1949,88,260,,Active,,,https://www.redfin.com/MD/Silver-Spring/2308-Homestead-Dr-20902/home/10983339,BRIGHT MLS,MDMC2016592,N,Y,39.0253213,-77.0484184
MLS Listing,,Condo/Co-op,2109 Walsh View Ter Unit 12-303,Silver Spring,MD,20902,169000,1,1.0,AMERICANA FINMARK,775,,1969,89,218,508,Active,,,https://www.redfin.com/MD/Silver-Spring/2109-Walsh-View-Ter-20902/unit-12-303/home/11097523,BRIGHT MLS,MDMC2011604,N,Y,39.0173,-77.045521
MLS Listing,,Condo/Co-op,3210 N Leisure World Blvd #911,Silver Spring,MD,20906,230000,2,2.0,VANTAGE POINT WEST AT LE,1035,,2001,94,222,782,Active,,,https://www.redfin.com/MD/Silver-Spring/3210-N-Leisure-World-Blvd-20906/unit-911/home/11186381,BRIGHT MLS,MDMC2009894,N,Y,39.1084637,-77.0671046
MLS Listing,,Single Family Residential,116 Fleetwood Ter,Silver Spring,MD,20910,724990,5,3.0,SLIGO PARK HILLS,2645,6971,1948,94,274,,Active,,,https://www.redfin.com/MD/Silver-Spring/116-Fleetwood-Ter-20910/home/10969225,BRIGHT MLS,MDMC2015470,N,Y,38.9968765,-77.0119596
MLS Listing,,Single Family Residential,10301 Naglee Rd,Silver Spring,MD,20903,699000,4,3.5,HILLANDALE,2160,9263,1989,95,324,,Active,,,https://www.redfin.com/MD/Silver-Spring/10301-Naglee-Rd-20903/home/10577739,BRIGHT MLS,MDMC2014630,N,Y,39.02549,-76.9813852
MLS Listing,,Condo/Co-op,1320 Fenwick Ln #512,Silver Spring,MD,20910,279000,1,1.0,DOWNTOWN SILVER SPRING,549,,1964,95,508,415,Active,,,https://www.redfin.com/MD/Silver-Spring/1320-Fenwick-Ln-20910/unit-512/home/108513008,BRIGHT MLS,MDMC2015348,N,Y,38.9968737,-77.0318435
MLS Listing,,Vacant Land,7508 Blair Rd,Takoma Park,MD,20912,1100000,,,WHEATON OUTSIDE,,13588,,95,,,Active,,,https://www.redfin.com/MD/Silver-Spring/7508-Blair-Rd-20912/home/10950020,BRIGHT MLS,MDMC2002696,N,Y,38.981777,-77.022502
MLS Listing,,Condo/Co-op,930 Wayne Ave #308,Silver Spring,MD,20910,389900,2,1.5,CRESCENT CODM,963,,2006,96,405,486,Active,,,https://www.redfin.com/MD/Silver-Spring/930-Wayne-Ave-20910/unit-308/home/11760877,BRIGHT MLS,MDMC2014658,N,Y,38.994601,-77.0251859
MLS Listing,,Vacant Land,10221 Menlo Ave,Silver Spring,MD,20910,295000,,,CAPITOL VIEW PARK,,10275,,96,,,Active,,,https://www.redfin.com/MD/Silver-Spring/10221-Menlo-Ave-20910/home/10955624,BRIGHT MLS,MDMC2015240,N,Y,39.024043,-77.0585795
MLS Listing,,Single Family Residential,9004 Linton St,Silver Spring,MD,20901,499900,3,2.5,MONTGOMERY KNOLLS,1528,5767,1948,105,327,,Active,,,https://www.redfin.com/MD/Silver-Spring/9004-Linton-St-20901/home/10991411,BRIGHT MLS,MDMC2013824,N,Y,39.0033901,-76.9931749
MLS Listing,,Condo/Co-op,1220 Blair Mill Rd #209,Silver Spring,MD,20910,338000,2,1.0,MICA CODM @ SILVER SPRIN,1020,,1968,108,331,817,Active,,,https://www.redfin.com/MD/Silver-Spring/1220-Blair-Mill-Rd-20910/unit-209/home/11760709,BRIGHT MLS,MDMC2013080,N,Y,38.9894781,-77.0302241
MLS Listing,,Condo/Co-op,575 Thayer Ave #306,Silver Spring,MD,20910,195000,1,1.0,THAYER TOWERS,645,,1960,109,302,457,Active,,,https://www.redfin.com/MD/Silver-Spring/575-Thayer-Ave-20910/unit-306/home/11095409,BRIGHT MLS,MDMC2013026,N,Y,38.9936487,-77.0174482
MLS Listing,,Single Family Residential,1241 E Randolph Rd,Silver Spring,MD,20904,399900,3,2.0,COLESVILLE OUTSIDE,1248,4235,1933,109,320,,Active,,,https://www.redfin.com/MD/Silver-Spring/1241-E-Randolph-Rd-20904/home/10556783,BRIGHT MLS,MDMC2013394,N,Y,39.069142,-76.987397
MLS Listing,,Condo/Co-op,1111 W University Blvd Unit 804-A,Silver Spring,MD,20902,159900,2,2.0,UNIVERSITY TOWERS CODM,1026,,1967,110,156,753,Active,,,https://www.redfin.com/MD/Silver-Spring/1111-University-Blvd-W-20902/unit-804-A/home/11117123,BRIGHT MLS,MDMC2012558,N,Y,39.0371712,-77.0272102
MLS Listing,,Condo/Co-op,1220 Blair Mill Rd #407,Silver Spring,MD,20910,249000,1,1.0,MICA CODM @ SILVER SPRIN,860,,1968,110,290,698,Active,,,https://www.redfin.com/MD/Silver-Spring/1220-Blair-Mill-Rd-20910/unit-407/home/11760716,BRIGHT MLS,MDMC2012802,N,Y,38.9894781,-77.0302241
MLS Listing,,Condo/Co-op,3210 N Leisure World Blvd #207,Silver Spring,MD,20906,299900,2,2.0,VANTAGE POINT WEST AT LE,1315,,2001,111,228,783,Active,,,https://www.redfin.com/MD/Silver-Spring/3210-N-Leisure-World-Blvd-20906/unit-207/home/11186417,BRIGHT MLS,MDMC2012916,N,Y,39.1084637,-77.0671046
MLS Listing,,Townhouse,3706 Finsbury Park Dr Unit 51-A,Silver Spring,MD,20906,349500,2,2.0,ROSSMOOR MUTUAL #13,1004,,1974,112,348,713,Active,,,https://www.redfin.com/MD/Silver-Spring/3706-Finsbury-Park-Dr-20906/unit-51-A/home/11096515,BRIGHT MLS,MDMC2009370,N,Y,39.1045556,-77.0754813
MLS Listing,,Condo/Co-op,9734 Glen Ave #202,Silver Spring,MD,20910,189000,3,1.0,GLEN MANOR,978,,1965,116,193,749,Active,,,https://www.redfin.com/MD/Silver-Spring/9734-Glen-Ave-20910/unit-202/home/11096903,BRIGHT MLS,MDMC2012174,N,Y,39.0154609,-77.05501
MLS Listing,,Single Family Residential,10010 Renfrew Rd,Silver Spring,MD,20901,525000,4,2.0,COUNTRY CLUB PARK,1854,5146,1956,117,283,,Active,,,https://www.redfin.com/MD/Silver-Spring/10010-Renfrew-Rd-20901/home/11008566,BRIGHT MLS,MDMC2012014,N,Y,39.0196423,-77.0243087
MLS Listing,,Single Family Residential,2719 Elnora St,Silver Spring,MD,20902,554999,4,3.0,WHEATON HILLS,1400,8435,1949,118,396,,Active,,,https://www.redfin.com/MD/Silver-Spring/2719-Elnora-St-20902/home/11005646,BRIGHT MLS,MDMC2010482,N,Y,39.0452312,-77.0573683
MLS Listing,,Townhouse,11228 Legato Way,Silver Spring,MD,20901,339888,3,1.5,DUMONT OAKS,1120,1215,1984,118,303,90,Active,,,https://www.redfin.com/MD/Silver-Spring/11228-Legato-Way-20901/home/10592519,BRIGHT MLS,MDMC2011442,N,Y,39.040726,-76.99858
MLS Listing,,Condo/Co-op,3750 Clara Downey Ave #34,Silver Spring,MD,20906,365000,2,2.0,NORBECK CROSSING,1210,,2015,123,302,459,Active,,,https://www.redfin.com/MD/Silver-Spring/3750-Clara-Downey-Ave-20906/unit-34/home/58923400,BRIGHT MLS,MDMC2010886,N,Y,39.1127311,-77.0730404
MLS Listing,,Single Family Residential,223 University Blvd E,Silver Spring,MD,20901,499000,5,1.0,WHEATON OUT RES. (1),1767,14215,1917,124,282,,Active,,,https://www.redfin.com/MD/Silver-Spring/223-University-Blvd-E-20901/home/10948562,BRIGHT MLS,MDMC2010764,N,Y,39.012887,-77.0038387
MLS Listing,,Single Family Residential,14307 Drayton Ave,Silver Spring,MD,20904,735000,4,2.5,COLESVILLE OUTSIDE,2454,8712,2021,129,300,,Active,,,https://www.redfin.com/MD/Silver-Spring/14307-Drayton-Ave-20904/home/10556695,BRIGHT MLS,MDMC2009798,N,Y,39.091748,-76.998334
MLS Listing,,Vacant Land,Hudson Ave,Takoma Park,MD,20912,60000,,,TAKOMA PARK,,1495,,130,,,Active,,,https://www.redfin.com/MD/TAKOMA-PARK/HUDSON-AVE-20912/home/10971648,BRIGHT MLS,MDMC753080,N,Y,38.992681,-77.00448
MLS Listing,,Townhouse,3100 Farnborough Ct Unit 256A,Silver Spring,MD,20906,315000,3,2.0,ROSSMOOR MUTUAL #11,1194,,1975,137,264,692,Active,,,https://www.redfin.com/MD/Silver-Spring/3100-Farnborough-Ct-20906/unit-256A/home/11091635,BRIGHT MLS,MDMC2008332,N,Y,39.1007689,-77.062993
MLS Listing,,Multi-Family (2-4 Unit),8201 Houston Ct,Takoma Park,MD,20912,549980,,,TAKOMA PARK,2516,5981,1954,137,219,,Active,,,https://www.redfin.com/MD/Takoma-Park/8201-Houston-Ct-20912/home/10972359,BRIGHT MLS,MDMC2006948,N,Y,38.990377,-77.0049635
MLS Listing,,Condo/Co-op,1320 Fenwick Ln #405,Silver Spring,MD,20910,236900,1,1.0,DOWNTOWN SILVER SPRING,460,,1964,139,515,342,Active,,,https://www.redfin.com/MD/Silver-Spring/1320-Fenwick-Ln-20910/unit-405/home/106004803,BRIGHT MLS,MDMC2004336,N,Y,38.9968737,-77.0318435
MLS Listing,,Single Family Residential,14212 Notley Rd,Silver Spring,MD,20904,699000,5,3.0,STONEGATE,3540,15785,1973,141,197,,Active,,,https://www.redfin.com/MD/Silver-Spring/14212-Notley-Rd-20904/home/10574484,BRIGHT MLS,MDMC2006864,N,Y,39.0890065,-77.0145915
MLS Listing,,Condo/Co-op,2223 Washington Ave Unit W-101,Silver Spring,MD,20910,195000,1,1.0,ROCK CREEK APTS CODM 1,732,,1948,143,266,477,Active,,,https://www.redfin.com/MD/Silver-Spring/2223-Washington-Ave-20910/unit-W-101/home/175821931,BRIGHT MLS,MDMC2007222,N,Y,38.99308,-77.0481
MLS Listing,,Condo/Co-op,3005 S Leisure World Blvd #502,Silver Spring,MD,20906,254900,2,2.0,TURNBERRY COURTS AT LEIS,1093,,1999,149,233,788,Active,,,https://www.redfin.com/MD/Silver-Spring/3005-S-Leisure-World-Blvd-20906/unit-502/home/11170519,BRIGHT MLS,MDMC2002804,N,Y,39.10405,-77.06053
MLS Listing,,Condo/Co-op,1220 Blair Mill Rd #300,Silver Spring,MD,20910,250000,1,1.0,MICA CODM @ SILVER SPRIN,860,,1968,151,291,698,Active,,,https://www.redfin.com/MD/Silver-Spring/1220-Blair-Mill-Rd-20910/unit-300/home/23468493,BRIGHT MLS,MDMC2005668,N,Y,38.9894781,-77.0302241
MLS Listing,,Condo/Co-op,8601 Manchester Rd #222,Silver Spring,MD,20901,259000,3,2.0,PARK BRADFORD,1257,,1958,152,206,756,Active,,,https://www.redfin.com/MD/Silver-Spring/8601-Manchester-Rd-20901/unit-222/home/11103408,BRIGHT MLS,MDMC2004902,N,Y,38.9988734,-77.0076405
MLS Listing,,Condo/Co-op,95 E Wayne Ave #312,Silver Spring,MD,20901,169000,1,1.0,KENWOOD HOUSE,817,,1957,153,207,540,Active,,,https://www.redfin.com/MD/Silver-Spring/95-E-Wayne-Ave-20901/unit-312/home/11095757,BRIGHT MLS,MDMC2005440,N,Y,39.0014377,-77.0076405
MLS Listing,,Condo/Co-op,9736 Glen Ave Unit A,Silver Spring,MD,20910,157000,1,1.0,GLEN MANOR,695,,1965,170,226,632,Active,,,https://www.redfin.com/MD/Silver-Spring/9736-Glen-Ave-20910/unit-A/home/166445345,BRIGHT MLS,MDMC754396,N,Y,39.0155197,-77.0546869
MLS Listing,,Single Family Residential,9218 Colesville Rd,Silver Spring,MD,20910,1950000,6,4.5,WOODSIDE PARK,3192,34486,1922,172,611,,Active,,,https://www.redfin.com/MD/Silver-Spring/9218-Colesville-Rd-20910/home/11079099,BRIGHT MLS,MDMC2002164,N,Y,39.0065695,-77.0220594
MLS Listing,,Condo/Co-op,1320 Fenwick Ln #509,Silver Spring,MD,20910,279900,1,1.0,DOWNTOWN SILVER SPRING,569,,1964,178,492,423,Active,,,https://www.redfin.com/MD/Silver-Spring/1320-Fenwick-Ln-20910/unit-509/home/114089456,BRIGHT MLS,MDMC758106,N,Y,38.9968737,-77.0318435
MLS Listing,,Condo/Co-op,614 Sligo Ave #503,Silver Spring,MD,20910,114777,1,1.0,THE CAROLYN,809,,1966,230,142,598,Active,,,https://www.redfin.com/MD/Silver-Spring/614-Sligo-Ave-20910/unit-503/home/11096688,BRIGHT MLS,MDMC752704,N,Y,38.9908882,-77.0135792
MLS Listing,,Vacant Land,2302 Fairland Rd,Silver Spring,MD,20904,185000,,,FAIRLAND,,21377,,257,,,Active,,,https://www.redfin.com/MD/Silver-Spring/2302-Fairland-Rd-20904/home/23464557,BRIGHT MLS,MDMC750868,N,Y,39.078536,-76.96288
MLS Listing,,Vacant Land,17309 Haw Ln,Silver Spring,MD,20905,330000,,,Silver Spring,,209088,,259,,,Active,,,https://www.redfin.com/MD/Silver-Spring/17309-Haw-Ln-20905/home/11192686,BRIGHT MLS,MDMC750508,N,Y,39.1410242,-76.9802844
MLS Listing,,Condo/Co-op,9610 Dewitt Dr Ph 101,Silver Spring,MD,20910,824900,3,3.0,MAIN BUILDING CODM,2951,,1925,339,280,1282,Active,,,https://www.redfin.com/MD/Silver-Spring/9610-Dewitt-Dr-20910/unit-101/home/28961926,BRIGHT MLS,MDMC739340,N,Y,39.0121872,-77.0568152
MLS Listing,,Condo/Co-op,2200 Greenery Ln Unit 102-23,Silver Spring,MD,20906,160000,1,1.0,GLENWAYE GARDENS,846,,1971,347,189,506,Active,,,https://www.redfin.com/MD/Silver-Spring/2200-Greenery-Ln-20906/unit-102-23/home/11099039,BRIGHT MLS,MDMC738838,N,Y,39.0612173,-77.0476763
MLS Listing,,Vacant Land,12817 Georgia Ave,Silver Spring,MD,20906,750000,,,WHEATON OUT RES. (2),,38388,,370,,,Active,,,https://www.redfin.com/MD/Silver-Spring/12817-Georgia-Ave-20906/home/10951959,BRIGHT MLS,MDMC731126,N,Y,39.066579,-77.058821
MLS Listing,,Vacant Land,Stewart Ln,Silver Spring,MD,20904,399000,,,COLESVILLE OUTSIDE,,87120,,383,,,Active,,,https://www.redfin.com/MD/SILVER-SPRING/STEWART-LN-20904/home/10556937,BRIGHT MLS,MDMC736340,N,Y,39.040297,-76.977624
MLS Listing,,Vacant Land,12812 Greenbriar St,Silver Spring,MD,20904,49999,,,HOLLYWOOD PARK,,10875,,398,,,Active,,,https://www.redfin.com/MD/Silver-Spring/12812-Greenbriar-St-20904/home/10560258,BRIGHT MLS,MDMC733786,N,Y,39.0660754,-76.9911909
MLS Listing,,Vacant Land,12814 Greenbriar St,Silver Spring,MD,20904,49999,,,HOLLYWOOD PARK,,10875,,398,,,Active,,,https://www.redfin.com/MD/Silver-Spring/12814-Greenbriar-St-20904/home/10560033,BRIGHT MLS,MDMC733784,N,Y,39.0662096,-76.9911795
MLS Listing,,Single Family Residential,11538 Highview Ave,Silver Spring,MD,20902,560000,3,1.5,HAMMOND WOODS,1954,12192,1951,414,287,,Active,,,https://www.redfin.com/MD/Silver-Spring/11538-Highview-Ave-20902/home/11071982,BRIGHT MLS,MDMC731828,N,Y,39.0453854,-77.0704997
MLS Listing,,Vacant Land,14108 New Hampshire Ave,Silver Spring,MD,20904,645000,,,COLESVILLE OUTSIDE,,116305,,425,,,Active,,,https://www.redfin.com/MD/Silver-Spring/14108-New-Hampshire-Ave-20904/home/35617223,BRIGHT MLS,MDMC730172,N,Y,39.087075,-76.999917
MLS Listing,,Vacant Land,212 Heil Rd,Silver Spring,MD,20905,750000,,,COLESVILLE OUTSIDE,,64294,,470,,,Active,,,https://www.redfin.com/MD/Silver-Spring/212-Heil-Rd-20905/home/22013089,BRIGHT MLS,MDMC723464,N,Y,39.098827,-77.004592
MLS Listing,,Single Family Residential,102 Geneva Ave,Takoma Park,MD,20912,1380000,4,3.5,TAKOMA PARK,3471,9692,2020,523,398,,Active,,,https://www.redfin.com/MD/Takoma-Park/102-Geneva-Ave-20912/home/143756396,BRIGHT MLS,MDMC715530,N,Y,38.98646,-77.00794
For-Sale-by-Owner Listing,,Single Family Residential,12209 Middle Rd,Silver Spring,MD,20906,410000,2,2.0,Silver Spring,1296,6391,1946,17,316,,Active,,,https://www.redfin.com/MD/Silver-Spring/12209-Middle-Rd-20906/home/11002414,Fizber.com,11457015,N,Y,39.0568377,-77.0869119
For-Sale-by-Owner Listing,,Single Family Residential,404 Thayer Ave,Silver Spring,MD,20910,820000,5,3.5,Silver Spring,3400,,1962,35,241,,Active,,,https://www.redfin.com/MD/Silver-Spring/404-Thayer-Ave-20910/home/10969290,Fizber.com,11455308,N,Y,38.9941762,-77.0098676
For-Sale-by-Owner Listing,,Condo/Co-op,9900 Georgia Ave Unit 27-204,Silver Spring,MD,20902,340000,2,2.5,Silver Spring,1312,,1969,163,259,,Active,,,https://www.redfin.com/MD/Silver-Spring/9900-Georgia-Ave-20902/unit-27-204/home/11097989,Fizber.com,11441514,N,Y,39.0183093,-77.0446628
New Construction Home,,Townhouse,16317 Coolidge Ave Unit 020008,Silver Spring,MD,20906,649990,3,3.0,Townhome Collection at Bradford's Landing,1792,,2021,80,363,,Active,,,https://www.redfin.com/MD/Silver-Spring/16317-Coolidge-Ave-20906/unit-020008/home/176524045,NewHomeSource.com,2084626,N,Y,39.1135326,-77.0681006
New Construction Plan,,Townhouse,Sequoia,Silver Spring,MD,20906,649990,3,2.5,Townhome Collection at Bradford's Landing,1792,,,,363,,Active,,,https://www.redfin.com/MD/Silver-Spring/Townhome-Collection-at-Bradford-s-Landing/Sequoia/home/177045396,NewHomeSource.com,Plan-171921666,N,Y,39.1135142,-77.0681726
